source_handle,shopify_product_id,shopify_product_handle
skorice-cejlon-mleta-bio-krabicka,15821907624270,skorice-cejlon-bio-mleta-40g
kardamom-mlety-bio-krabicka2,15821921386830,kardamom-bio-mlety-50g
vanilkovy-prasek-bio-krabicka,15821908050254,vanilka-bio-mleta-10-g
anyz-bio-krabicka2,15821909426510,anyz-bio-50g
chilli-mlete-bio-krabicka2,15821910311246,chilli-bio-mlete-40g
chai-polibek-orientu-smes-kvetu-a-koreni-s-cukrem-bio-krabicka,15821914669390,chai-polibek-orientu-bio-70g
chai-sirup-bio,15821920272718,chai-sirup-bio-250-ml
schlaukakao-kakaovy-napoj-bio-doza,15821911523662,raraskovo-schlaukakao-bio-300g
chilli-extra-ostre-mlete-kayensky-pepr-bio-krabicka,15821910376782,chilli-bio-extra-ostre-mlete-40g-kayensky-pepr
chilli-vlocky-bio-krabicka,15821921255758,chilli-bio-vlocky-45g
pumpkin-spice-sirup-bio,15821931446606,pumpkin-spice-sirup-bio-250-ml
kurkuma-latte-vanilka-bio-krabicka,15821917421902,kurkuma-latte-vanilka-bio-60g
trezalka-sypana-bio,15821911720270,trezalka-bio-syp-60g
hermanek-sypany-bio,15821906346318,hermanek-bio-syp-50g
majoranka-bio-krabicka2,15821921452366,majoranka-bio-10g
tymian-bio-krabicka2,15821921747278,tymian-bio-20g
mata-peprna-sypana-bio,15821906575694,mata-peprna-bio-syp-50g
eukalyptus-etericky-olej-bio,15821911458126,eukalyptus-bio-etericky-olej-10ml
cajovnik-etericky-olej-bio,15821911359822,cajovnik-bio-etericky-olej-10ml
levandule-kvet-sypana-bio,15821912965454,levandule-kvet-bio-syp-70g
medunka-sypana-bio2,15821906444622,medunka-bio-syp-50g
salvej-sypana-bio,15821911687502,salvej-bio-syp-50g
dobra-nalada-smes-kvetu-a-koreni-bio-krabicka,15821909754190,dobra-nalada-smes-kvetu-a-koreni-bio-25g
charlieho-koreni-do-kase-bio-krabicka,15821925024078,charlieho-koreni-do-kase-bio-70-g
skoricove-cukrovani-bio-krabicka,15821933379918,skoricove-cukrovani-bio-90-g
beze-zbytku-bio-baleni,15821926728014,beze-zbytku-bio-50g
ovoce-na-zizu-bio-porcovany-dvoukomorovy,15821923090766,ovoce-na-zizu-biorarasci-bio-324g-porc-dvoukomorovy
ranni-ptace-bio-porcovany-dvoukomorovy,15821923025230,ranni-ptace-biorarasci-bio-324g-porc-dvoukomorovy
dobra-nalada-bylinny-caj-bio-porcovany-dvoukomorovy2,15821907034446,dobra-nalada-bio-27g-porc-dvoukomorovy
dobre-rano-bio-porcovany-dvoukomorovy,15821908246862,dobre-rano-bio-27g-porc-dvoukomorovy
zaklady-rovnovahy-bylinny-caj-bio-porcovany-dvoukomorovy,15821908443470,zaklady-rovnovahy-bio-27g-porc-dvoukomorovy
rodinny-bylinny-caj-sypany-bio-velke-baleni,15821914865998,rodinny-bylinny-caj-bio-130g
kontryhel-sypany-bio,15821915357518,kontryhel-bio-syp-40g
sipek-oplodi-sypany-bio,15821909033294,sipek-oplodi-bio-syp-100g
lapacho-kura-sypana,15821929906510,lapacho-kura-konv-50-g-syp
kopriva-sypana-bio,15821912113486,kopriva-bio-syp-50g
lipa-sypana-bio2,15821906673998,lipa-kvet-bio-syp35-g
slez-sypany-bio,15821913162062,slez-bio-syp-50g
verbena-sypana-bio,15821913456974,verbena-citronova-bio-syp-30g
zazvor-sypany-bio2,15821910835534,zazvor-bio-syp-90g
skoricovy-zazrak-bio-porcovany-dvoukomorovy,15821919289678,skoricovy-zazrak-bio-324-g-porc-dvoukomorovy
jeziskuv-nebesky-r-caj-bio-porcovany-dvoukomorovy,15821928202574,jeziskuv-nebesky-caj-bio-27-g-porc-dvoukomorovy
steak-that-grilovaci-koreni-bio-krabicka,15821918830926,steak-that-bio-50g
kouzlo-krbu-bio-porcovany-dvoukomorovy,15821928694094,kouzlo-krbu-bio-45-g-porc-dvoukomorovy
steak-that-grilovaci-koreni-bio-gastro-doza-mala,15821918765390,steak-that-bio-150g-doza
cas-na-pernicek-bio-porcovany-dvoukomorovy,15821919387982,cas-na-pernicek-bio-324g-porc-dvoukomorovy
fish-chicks-grilovaci-koreni-bio-krabicka,15821918470478,fish-chicks-bio-55g
jablicko-z-pece-bio-porcovany-dvoukomorovy,15821926629710,jablicko-z-pece-bio-45-g-porc-dvoukomorovy
smokey-salt-krabicka,15821916963150,smokey-salt-konv-uzena-morska-sul-150g
zimni-noc-bio-porcovany-dvoukomorovy,15821928431950,zimni-noc-bio-45-g-porc-dvoukomorovy
holy-veggie-grilovaci-koreni-bio-krabicka,15821918634318,holy-veggie-bio-30g
svetelny-trpyt-bio-porcovany-dvoukomorovy,15821928038734,svetelny-trpyt-bio-27-g-porc-dvoukomorovy
holy-veggie-grilovaci-koreni-bio-gastro-doza-mala,15821918536014,holy-veggie-bio-90-g-doza
koreni-do-svareneho-cerveneho-vina-bio-porcovany-dvoukomorovy2,15821928595790,koreni-do-svareneho-cerveneho-vina-bio-324-g-porc-dvoukomorovy
rub-me-tender-grilovaci-koreni-bio-krabicka,15821918699854,rub-me-tender-bio-60g
chai-vanocni-bio-porcovany-dvoukomorovy,15821935870286,chai-vanocni-bio-324-g-porc-dvoukomorovy
pyramidalni-sul-z-recka-baleni,15821927022926,pyramid-salt-65-g
jablecny-kouzelny-punc-sirup-bio,15821914210638,jablecny-kouzelny-punc-sirup-bio-500-ml
smokey-paprika-uzena-bio-baleni,15821926302030,smokey-paprika-bio-uzena-50g
kouzlo-krbu-sypane-bio-baleni,15821928628558,kouzlo-krbu-bio-100-g-syp
morska-sul-s-morskymi-rasami-obsahujicimi-jod-baleni,15821927121230,morska-sul-s-morskymi-rasami-obsahujicimi-jod-150-g
jeziskuv-nebesky-r-caj-bio-baleni,15821928071502,jeziskuv-nebesky-caj-bio-60-g-syp
ayurvedska-kouzelna-sul-jemna-krabicka,15821908902222,ayurvedska-kouzelna-sul-jemna-konv-150g
sonnentor-adventni-kalendar-bio-poznavaci-sada,15821935051086,sonnentor-adventni-kalendar-bio-389-g-porc-dvoukomorovy
ayurvedska-kouzelna-sul-jemna-dozicka,15821908803918,ayurvedska-kouzelna-sul-jemna-konv-doza-mala-120g
grilovaci-sul-s-korenim-bio-krabicka,15821910147406,grilovaci-sul-s-korenim-bio-100g
koreni-na-burger-bio-krabicka,15821933314382,koreni-na-burger-bio-60-g
darkove-baleni-3-caju-cas-zazraku-bio,15821935706446,darkove-baleni-3-caju-cas-zazraku
koreni-na-letni-zeleninu-bio-krabicka,15821933117774,koreni-na-letni-zeleninu-bio-35-g
frankyho-koreni-na-barbecue-bio-krabicka,15821914308942,frankyho-koreni-na-barbecue-bio-35g
pepr-barevny-cerny-bily-ruzovy-zeleny-cely-bio-krabicka2,15821921878350,pepr-barevny-bio-cely-50g
darkove-baleni-2-caju-zimni-tajemstvi-bio,15821935673678,darkove-baleni-2-caju-zimni-tajemstvi
energie-smes-kvetu-a-koreni-bio-krabicka,15821908017486,energie-smes-kvetu-a-koreni-bio-30g
koreni-na-tofu-pani-yoko-bio-krabicka,15821914505550,koreni-na-tofu-pani-yoko-bio-32g
darkove-baleni-3-caju-vanoce-bio-baleni,15821923713358,darkove-baleni-3-caju-vanoce
darkove-baleni-2-caju-adventni-cas-bio,15821931610446,darkove-baleni-2-caju-adventni-cas
darkove-baleni-2-caju-pratelstvi-bio-baleni,15821923811662,darkove-baleni-2-caju-pratelstvi
darkova-baleni-2-caju-pro-prarodice-bio,15821922468174,darkove-baleni-2-caju-pro-prarodice
pernikove-koreni-mlete-bio-krabicka,15821907853646,pernikove-koreni-bio-mlete-40g
vanilkovy-cukr-mlety-bio-krabicka,15821909655886,vanilkovy-cukr-bio-50g
muskatovy-orisek-cely-bio-krabicka,15821907984718,muskatovy-orisek-bio-cely-25g
hrebicek-cely-bio-krabicka2,15821909524814,hrebicek-bio-cely-35g
hrebicek-mlety-bio-krabicka2,15821909492046,hrebicek-bio-mlety-35g
kardamom-cely-bio-krabicka2,15821921321294,kardamom-bio-cely-40g
novorocni-caj-bio-porcovany-dvoukomorovy2,15821932757326,novorocni-caj-bio-27-g-porc-dvoukomorovy
hlavu-vzhuru-bylinna-smes-sypana-bio,15821920043342,hlavu-vzhuru-bio-syp-50g
pohodar-bio-porcovany-dvoukomorovy,15821916832078,pohodar-bylinny-caj-bio-27g-porc-dvoukomorovy
milostny-bylinny-caj-sypany-bio2,15821910049102,milostny-bylinny-caj-bio-syp-50g
kuc-kuc-bylinna-smes-sypana-bio,15821909885262,kuc-kuc-bio-50-g-syp
malina-sirup-bio,15821908705614,malina-sirup-bio-500-ml
sbohem-soli-zeleninova-bio-krabicka,15821927940430,sbohem-soli-zeleninova-bio-55-g
ovocny-sen-caj-bio-porcovany-dvoukomorovy,15821908607310,ovocny-sen-bio-45-g-porc-dvoukomorovy
muskatovy-orisek-mlety-bio-krabicka,15821907951950,muskatovy-orisek-bio-mlety-30g
petrzel-rezana-bio-krabicka,15821907427662,petrzel-bio-15g
libecek-rezany-bio-krabicka,15821907460430,libecek-bio-15g
kopr-bio-krabicka,15821907558734,kopr-bio-15g
koriandr-nat-bio-krabicka,15821912211790,koriandr-nat-bio-15g
koriandr-cely-bio-krabicka,15821910540622,koriandr-bio-cely-35g
cesnek-medvedi-rezany-bio-krabicka2,15821907886414,cesnek-medvedi-bio-rezany-18g
paprika-sladka-bio-krabicka2,15821921583438,paprika-sladka-bio-mleta-50g
slunecni-polibek-smes-kvetu-a-koreni-bio-krabicka,15821912637774,slunecni-polibek-smes-kvetu-a-koreni-bio-40g
nove-koreni-cele-bio-krabicka,15821909786958,nove-koreni-bio-cele-35g
polevkove-koreni-bio-krabicka,15821907329358,polevkove-koreni-bio-25g
rozmaryn-rezany-bio-krabicka,15821910638926,rozmaryn-bio-25g
bazalka-bio-krabicka2,15821909393742,bazalka-bio-15g
sbohem-soli-pikantni-bio-krabicka,15821917028686,sbohem-soli-pikantni-bio-50g
pepr-cerny-mlety-bio,15821921681742,pepr-cerny-bio-mlety-50g
kmin-mlety-bio-krabicka,15821907296590,kmin-bio-mlety-60g
citronovy-pepr-bio-baleni,15821926105422,citronovy-pepr-bio-70g
paprika-ostra-bio-krabicka2,15821921517902,paprika-ostra-bio-mleta-50g
aladinovo-koreni-do-kavy-bio-baleni,15821926236494,aladinovo-koreni-do-kavy-bio-35g
chilli-lusky-extra-ostre-cele-bio-krabicka,15821910409550,chilli-bio-extra-ostre-lusky-25g
curry-sladke-bio-krabicka2,15821921976654,curry-sladke-bio-50g
cesnek-suseny-bio-krabicka,15821907525966,cesnek-bio-granulovany-40g
12bylinna-sul-bio-krabicka,15821909328206,12bylinna-sul-bio-120g
pepr-ruzovy-cely-bio-krabicka,15821910180174,pepr-ruzovy-bio-cely-20g
vse-v-zelenem-salatove-koreni-bio-krabicka2,15821922074958,vse-v-zelenem-salatove-koreni-bio-15g
rebricek-sypany-bio,15821913784654,rebricek-bio-syp-50g
zdobeni-na-zeleninu-bio-baleni,15821926924622,zdobeni-na-zeleninu-bio-45-g
salatove-koreni-mlete-bio-krabicka,15821907362126,salatove-koreni-mlete-bio-35g
fenykl-cely-sypany-bio,15821912932686,fenykl-bio-syp-200g
mata-okrouhlolista-sypana-bio,15821912998222,mata-vonna-bio-syp-50g
koreni-na-zimni-zeleninu-bio-krabicka,15821933183310,koreni-na-zimni-zeleninu-bio-40-g
skorice-cejlon-cela-bio-krabicka,15821907689806,skorice-cejlon-bio-cela-18-g
andel-strazny-smes-kvetu-a-koreni-bio-krabicka,15821912539470,andel-strazny-smes-kvetu-a-koreni-bio-40g
curry-ostre-bio-krabicka2,15821921911118,curry-ostre-bio-50g
stesti-smes-kvetu-a-koreni-bio-krabicka,15821912310094,stesti-smes-kvetu-a-koreni-bio-35g
lajosovo-gulasove-koreni-bio-krabicka,15821914341710,lajosovo-gulasove-koreni-bio-50g
koreni-na-kimci-bio-krabicka,15821933478222,koreni-na-kimci-bio-80-g
koreni-na-nakladani-bio-krabicka,15821933445454,koreni-na-nakladani-bio-65-g
provensalske-koreni-bio-baleni,15821927743822,provensalske-koreni-bio-20-g
pepr-cerny-cely-bio-krabicka2,15821921616206,pepr-cerny-bio-cely-55g
balzam-na-nervy-caj-bio-porcovany-dvoukomorovy,15821914014030,balzam-na-nervy-bio-27g-porcdvoukomorovy
seminka-horcice-zlute-bio-krabicka2,15821915128142,horcice-zluta-bio-seminka-120g
zazvor-pohoda-bio-porcovany-dvoukomorovy,15821920731470,zazvor-pohoda-bio-324g-porc-dvoukomorovy
fenykl-cely-bio-krabicka2,15821907493198,fenykl-bio-40g
na-kute-bio-porcovany-dvoukomorovy,15821923156302,na-kute-biorarasci-bio-288g-porc-dvoukomorovy
cepice-plna-spanku-caj-bio-porcovany-dvoukomorovy,15821913981262,cepice-plna-spanku-bio-27g-porcdvoukomorovy
ruze-kvet-poupata-sypany-bio,15821913063758,ruze-kvet-poupata-bio-syp-30g
single-origin-nicaragua-kava-zrnkova-bio-baleni,15821915881806,kava-single-origin-nicaragua-bio-zrnkova-250g
pomeranc-etericky-olej-bio,15821911490894,pomeranc-bio-etericky-olej-10ml
citronova-trava-etericky-olej-bio,15821911327054,citronova-trava-bio-etericky-olej-10ml
zlaty-kurkumovy-sen-bio-porcovany-dvoukomorovy,15821917618510,zlaty-kurkumovy-sen-bio-36-g-porc-dvoukomorovy
zazvor-kurkuma-bio-porcovany-dvoukomorovy,15821920633166,zazvor-kurkuma-bio-324-g-porc-dvoukomorovy
zlaty-kurkumovy-sen-sypany-bio,15821917552974,zlaty-kurkumovy-sen-bio-syp-120g
kurkuma-citron-sirup-bio,15821920338254,kurkuma-citron-sirup-bio-500-ml
kurkuma-latte-zazvor-bio-krabicka,15821917225294,kurkuma-latte-zazvor-bio-60g
kurkuma-mleta-bio-krabicka,15821907820878,kurkuma-bio-40g
ras-el-hanout-bio-krabicka,15821918404942,ras-el-hanout-bio-38g
zazvor-mlety-bio-baleni,15821926793550,zazvor-bio-mlety-30-g
zazvor-energie-bio-porcovany-dvoukomorovy,15821920797006,zazvor-energie-bio-324-g-porc-dvoukomorovy
zazvor-bio-porcovany-dvoukomorovy,15821922140494,zazvor-bio-234g-porc-dvoukomorovy
english-tea-assam-cerny-caj-bio-porcovany-dvoukomorovy2,15821921026382,silny-assam-bio-cerny-caj-306-g-porc-dvoukomorovy
zazvor-citron-sirup-bio,15821911982414,zazvor-citron-sirup-bio-500-ml
zazvor-citron-bio-porcovany-dvoukomorovy,15821920895310,zazvorcitron-bio-324g-porc-dvoukomorovy
zele-medvidci-stesti-se-zazvorem-bio-baleni,15821911589198,gumovi-medvidci-se-zazvorem-stesti-bio-100g
zazvor-kandovany-bio-krabicka,15821908181326,zazvor-kandovany-bio-75g
sitova-taska-bio,15821935214926,sitova-taska
badyan-cely-bio-krabicka2,15821908115790,badyan-bio-25g
kouzelne-kvety-smes-kvetu-bio-krabicka,15821925384526,kouzelne-kvety-smes-kvetu-bio-7-g
vsechno-nejmilejsi-smes-kvetu-a-koreni-bio-krabicka,15821911884110,vsechno-nejmilejsi-smes-kvetu-a-koreni-bio-40g
sila-kvetu-smes-kvetu-a-koreni-bio-krabicka,15821911621966,sila-kvetu-smes-kvetu-a-koreni-bio-35g
kopriva-bio-porcovany-dvoukomorovy,15821919682894,kopriva-bio-18g-porc-dvoukomorovy
pampeliska-list-bio-porcovany-dvoukomorovy,15821923352910,pampeliska-list-bio-216-g-porc-dvoukomorovy
galgan-mlety-bio-krabicka,15821909590350,galgan-bio-mlety-35g
rakytnikovy-pozitek-caj-bio-porcovany-dvoukomorovy,15821913850190,rakytnikovy-pozitek-bio-54g-porc-dvoukomorovy
mata-peprna-bio-porcovany-dvoukomorovy,15821906542926,mata-peprna-bio-18-g-porc-dvoukomorovy
knedlik-v-krku-caj-bio-porcovany-dvoukomorovy,15821913948494,knedlik-v-krku-bio-27g-porc-dvoukomorovy
salvej-bio-porcovany-dvoukomorovy,15821916701006,salvej-bio-18-g-porc-dvoukomorovy
medunka-bio-porcovany-dvoukomorovy,15821906411854,medunka-bio-216g-porc-dvoukomorovy
dobromysl-bio-krabicka2,15821911916878,oregano-bio-18g
pro-dobry-pocit-v-brise-caj-bio-porcovany-dvoukomorovy,15821914112334,pro-dobry-pocit-v-brise-bio-27g-porcdvoukomorovy
fenykl-anyz-kmin-bio-porcovany-dvoukomorovy,15821922599246,fenyklanyzkmin-bio-306g-porc-dvoukomorovy
matove-trio-bio-baleni2,15821931774286,matove-trio-bio-216-g-porc-dvoukomorovy
stredomorska-kouzelna-sul-s-kvety-bio-krabicka,15821911163214,stredomorska-kouzelna-sul-s-kvety-bio-120g
kmin-cely-bio-krabicka,15821907132750,kmin-bio-cely-60g
koreni-na-pizzu-a-testoviny-bio-krabicka2,15821925712206,koreni-na-pizzu-a-testoviny-bio-20g
stesti-je-byt-zenou-bio-porcovany-dvoukomorovy,15821918372174,stesti-je-byt-zenou-306-g-porc-dvoukomorovy
fenykl-bio-porcovany-dvoukomorovy,15821919715662,fenykl-bio-27g-porc-dvoukomorovy
jalovec-bio-krabicka,15821912834382,jalovec-bio-cely-35g
ibisek-sypany-bio3,15821906903374,ibisek-kvet-bio-syp-80g
english-tea-assam-cerny-caj-sypany-bio,15821916406094,silny-assam-bio-cerny-caj-95g-syp
koreni-na-vejce-bio-krabicka,15821922763086,koreni-na-vejce-bio-70g
velikonocni-zajicek-caj-bio-porcovany-dvoukomorovy,15821915062606,jarni-prekvapeni-bio-27-g-porc-dvoukomorovy
videnske-pokuseni-r-espresso-prazena-kava-zrnkova-bio-baleni,15821927645518,kava-videnske-pokuseni-espresso-bio-prazena-zrnkova-500-g
skorice-cassia-mleta-bio-krabicka,15821911949646,skorice-cassia-bio-mleta-40g
bobkovy-list-bio-krabicka2,15821907755342,bobkovy-list-bio-10g
pekne-odpoledne-bylinny-caj-bio-porcovany-dvoukomorovy,15821913194830,pekne-odpoledne-bio-27-g-porc-dvoukomorovy
stesti-je-poznat-zivot-bio-porcovany-dvoukomorovy,15821918110030,stesti-je-poznat-zivot-bio-27-g-porc-dvoukomorovy
lipa-kvet-bio-porcovany-dvoukomorovy,15821919879502,lipa-kvet-bio-27g-porc-dvoukomorovy
slez-bio-porcovany-dvoukomorovy,15821919584590,slez-bio-27g-porcdvoukomorovy
cibule-bio-baleni,15821931872590,cibule-susena-bio-75-g
kuc-kuc-bylinna-smes-bio-porcovany-dvoukomorovy,15821909852494,kuc-kuc-bio-27g-porcdvoukomorovy
knedlik-v-krku-sirup-bio,15821931348302,zase-dobre-knedlik-v-krku-sirup-bio-250-ml
usmrkanek-r-bio-porcovany-dvoukomorovy,15821922795854,usmrkanek-biorarasci-bio-216g-porc-dvoukomorovy
eukalyptus-citriodora-etericky-olej-bio,15821911392590,eukalyptus-citriodora-bio-etericky-olej-10ml
darjeeling-cerny-caj-bio-porcovany-dvoukomorovy,15821909098830,neodolatelny-darjeeling-bio-cerny-caj-27-g-porc-dvoukomorovy
rericha-bio-krabicka,15821908934990,rericha-bio-120-g
redkvicka-bio-krabicka,15821915521358,redkvicka-bio-120-g
rukola-bio-krabicka,15821915554126,rukola-bio-120-g
seminka-horcice-zlute-bio-krabicka,15821914964302,horcice-bio-k-naklicovani-120-g
jetel-bio-krabicka,15821917487438,jetel-bio-120-g
mungo-bio-krabicka,15821915423054,mungo-bio-120-g
alfalfa-bio-krabicka,15821906248014,alfalfa-bio-120-g
piskavice-recke-seno-bio-krabicka,15821912736078,piskavice-recke-seno-bio-k-naklicovani-120-g
smes-seminek-bio-krabicka,15821915226446,smes-seminek-bio-120-g
klicive-trio-bio-krabicka,15821930922318,klicive-trio-bio-120-g
kopriva-citron-bio-porcovany-dvoukomorovy,15821935935822,kopriva-citron-bio-216-g-porc-dvoukomorovy
vlna-elanu-bio-porcovany-dvoukomorovy,15821930594638,vlna-elanu-bio-234-g-porc-dvoukomorovy
prirozene-horke-bio-porcovany-dvoukomorovy,15821935313230,prirozene-horke-bio-324-g-porc-dvoukomorovy
jiskra-inspirace-bio-porcovany-dvoukomorovy,15821930496334,jiskra-inspirace-bio-324-g-porc-dvoukomorovy
chvilka-relaxace-bio-porcovany-dvoukomorovy,15821930692942,chvilka-relaxace-bio-18-g-porc-dvoukomorovy
zelena-kava-bio-porcovany-dvoukomorovy,15821916340558,zelena-kava-bio-54-g-porc-dvoukomorovy
postni-cas-bylinna-smes-bio-porcovany-dvoukomorovy,15821922566478,postni-cas-bio-27-g-porc-dvoukomorovy
ocista-duse-caj-bio-porcovany-dvoukomorovy,15821914046798,ocista-duse-bio-27-g-porc-dvoukomorovy
prirozene-horke-bio-baleni,15821935378766,prirozene-horke-korenici-pripravek-bio-60-g
zeleny-caj-jasmin-bio-porcovany-dvoukomorovy,15821916569934,puvabna-jasmin-bio-ovoneny-zeleny-caj-27-g-porc-dvoukomorovy
sipek-ibisek-caj-bio-porcovany-dvoukomorovy,15821909000526,sipek-ibisek-bio-54g-porc-dvoukomorovy
adventni-ovocny-caj-bio-porcovany-dvoukomorovy2,15821928726862,adventni-ovocny-caj-bio-504-g-porc-dvoukomorovy
matcha-sirup-bio-lahev,15821935640910,matcha-sirup-bio-250-ml
kurkuma-latte-vanilka-bio-doza,15821917290830,kurkuma-latte-vanilka-bio-60g-doza
chai-koreneny-bio-porcovany-dvoukomorovy,15821934231886,chai-koreneny-bio-324-g-porc-dvoukomorovy
chai-cerny-caj-bio-porcovany-dvoukomorovy,15821934330190,chai-cerny-caj-bio-324-g-porc-dvoukomorovy
chai-rooibos-bio-porcovany-dvoukomorovy,15821934297422,chai-rooibos-bio-324-g-porc-dvoukomorovy
cerny-caj-broskev-sirup-bio,15821913751886,cerny-caj-broskev-sirup-bio-500-ml
dekuji-bylinny-caj-bio-porcovany-dvoukomorovy,15821911261518,dekuji-bio-27g-porc-dvoukomorovy
dekuji-maminko-bio-porcovany-dvoukomorovy,15821933543758,dekuji-maminko-bio-27-g-porc-dvoukomorovy
darkova-baleni-2-caju-pro-maminku-bio,15821922500942,darkove-baleni-2-caju-pro-maminku
andel-strazny-caj-bio-porcovany-dvoukomorovy,15821908148558,andel-strazny-bio-27-g-porc-dvoukomorovy
zakratko-maminkou-r-bio-porcovany-dvoukomorovy,15821922992462,zakratko-maminkou-biorarasci-bio-216g-porc-dvoukomorovy
caj-stesti-bio-porcovany-dvoukomorovy,15821908509006,caj-stesti-bio-27-g-porc-dvoukomorovy
divoka-lilli-sirup-bio-baleni,15821933969742,divoka-lilli-sirup-bio-500-ml
cerny-bez-kvet-sirup-bio,15821913686350,cerny-bez-kvet-sirup-bio-500-ml
zeleny-caj-jemny-cinsky-sypany-bio,15821911032142,pravy-cinsky-zeleny-caj-bio-100-g-syp
leharko-bio,15821934526798,leharko-etericky-olej-bio-10-ml
bergamot-etericky-olej-bio,15821911294286,bergamot-bio-etericky-olej-10ml
jarni-polibeni-bylinna-smes-sypana-bio,15821911818574,jarni-polibeni-bio-syp-80g
vrele-objeti-bio-porcovany-dvoukomorovy,15821933871438,vrele-objeti-bio-27-g-porc-dvoukomorovy
stesti-je-r-tancit-v-desti-bio-porcovany-dvoukomorovy,15821929021774,stesti-je-tancit-v-desti-bio-27-g-porc-dvoukomorovy
kava-videnske-pokuseni-instantni-bio-sklenice,15821911556430,kava-videnske-pokuseni-instantni-bio-100g
pro-klid-zeny-caj-bio-porcovany-dvoukomorovy,15821914079566,pro-klid-zeny-bio-27g-porc-dvoukomorovy
smes-kvetu-sypana-bio,15821908377934,smes-kvetu-bio-syp-40g
darkova-kazeta-cajova-stesti-je-bio,15821920141646,darkova-kazeta-cajova-stesti-je
caj-stesti-sypany-bio2,15821908541774,caj-stesti-bio-syp-50g
stesti-je-sladce-snit-bio,15821922697550,stesti-je-sladce-snit-bio-27-g-porc-dvoukomorovy
oda-na-bylinky-sirup-bio-baleni,15821933936974,oda-na-bylinky-sirup-bio-500-ml
stesti-je-mit-pratele-bio-porcovany-dvoukomorovy,15821918961998,stesti-je-mit-pratele-bio-27-g-porc-dvoukomorovy
brusinka-sirup-bio,15821913489742,brusinka-sirup-bio-500-ml
stesti-je-objevit-svobodu-bio-porcovany-dvoukomorovy,15821918241102,stesti-je-objevit-svobodu-27-g-porc-dvoukomorovy
kola-sirup-bio-baleni,15821931938126,kola-sirup-bio-500-ml
stesti-je-naplnit-sve-sny-bio-porcovany-dvoukomorovy,15821918175566,stesti-je-naplnit-sve-sny-306-g-porc-dvoukomorovy
cin-cin-sirup-bio,15821931512142,cin-cin-sirup-bio-500-ml
stesti-je-heavy-metal-bio-porcovany-dvoukomorovy,15821919060302,stesti-je-heavy-metal-bio-27-g-porc-dvoukomorovy
chakalaka-bio-baleni,15821930234190,chakalaka-bio-65-g
stesti-je-r-rodinna-pohoda-bio-porcovany-dvoukomorovy,15821928956238,stesti-je-rodinna-pohoda-bio-27-g-porc-dvoukomorovy
umami-bio-krabicka,15821929972046,umami-bio-60-g
stesti-je-zklidnit-mysl-bio-porcovany-dvoukomorovy,15821918306638,stesti-je-zklidnit-mysl-306-g-porc-dvoukomorovy
bylinkove-koreni-na-pomazanky-bio-krabicka2,15821925253454,bylinkove-koreni-na-pomazanky-bio-50g
stesti-je-zit-v-harmonii-bio-porcovany-dvoukomorovy,15821919125838,stesti-je-zit-v-harmonii-bio-27-g-porc-dvoukomorovy
stesti-je-r-umet-si-vybrat-bio-poznavaci-sada,15821929185614,stesti-je-umet-si-vybrat-bio-314-g-porc-dvoukomorovy
vrbovka-malokveta-sypana-bio,15821913096526,vrbovka-malokveta-bio-syp-50g
rooibos-prirodni-sypany-bio,15821906936142,rooibos-natur-bio-syp-100g
tymian-bio-porcovany-dvoukomorovy,15821919977806,tymian-bio-216-g-porc-dvoukomorovy
recky-horsky-caj-sypany-bio3,15821906641230,recky-horsky-caj-bio-syp-40g
konopi-list-sypany-bio,15821921190222,konopi-list-bio-syp-40g
konopi-list-bio-porcovany-dvoukomorovy,15821920960846,konopi-list-bio-27g-porc-dvoukomorovy
single-origin-nicaragua-kava-zrnkova-bio-baleni2,15821915947342,kava-single-origin-nicaragua-bio-zrnkova-1kg
kontryhel-bio-porcovany-dvoukomorovy,15821932167502,kontryhel-bio-216-g-porc-dvoukomorovy
brusinkovy-pozitek-caj-bio-porcovany-dvoukomorovy,15821914767694,brusinkovy-pozitek-bio-504g-porc-dvoukomorovy
cas-promeny-bio-porcovany-dvoukomorovy,15821920600398,cas-promeny-bio-27g-porc-dvoukomorovy
salek-ulevy-caj-bio-porcovany-dvoukomorovy,15821916209486,salek-ulevy-bio-27g-porc-dvoukomorovy
nadechnuti-v-lese-bio-porcovany-dvoukomorovy,15821925810510,nadechnuti-v-lese-bio-216-g-porc-dvoukomorovy
citronova-materidouska-bio-porcovany-dvoukomorovy,15821934952782,citronova-materidouska-bio-18-g-porc-dvoukomorovy
zaklady-rovnovahy-bylinny-caj-sypany-bio2,15821908476238,zaklady-rovnovahy-bio-syp-50g
dobra-nalada-bylinny-caj-sypany-bio2,15821907067214,dobra-nalada-bio-syp-50g
hermanek-bio-porcovany-dvoukomorovy,15821906313550,hermanek-bio-144g-porc-dvoukomorovy
medunka-verbena-levandule-bio-porcovany-dvoukomorovy,15821935116622,medunkaverbenalevandule-bio-234-g-porc-dvoukomorovy
cerny-bez-kvet-bio-porcovany-dvoukomorovy,15821919813966,cerny-bez-kvet-bio-27g-porc-dvoukomorovy
tymian-cerny-bez-salvej-bio-porcovany-dvoukomorovy,15821935149390,tymian-cerny-bez-salvej-bio-234-g-porc-dvoukomorovy
jitrocel-smrkove-jehlici-bio-porcovany-dvoukomorovy,15821935182158,jitrocel-smrkove-jehlici-bio-234-g-porc-dvoukomorovy
kouzelny-napoj-bylinna-smes-sypana-bio,15821909950798,kouzelny-napoj-bio-syp-50g
italske-koreni-bio-krabicka,15821926400334,italske-koreni-bio-20g
tady-roste-radost-jubilejni-bylinny-bio-porcovany-dvoukomorovy,15821917847886,tady-roste-radost-bio-27g-porc-dvoukomorovy
napoj-druidu-bylinny-caj-sypany-bio2,15821908574542,napoj-druidu-bio-syp-50g
kompoty-a-zavareniny-bio-krabicka,15821933510990,kompoty-a-zavareniny-bio-55-g
kmin-krizovy-matersky-cumin-cely-bio-krabicka,15821911130446,kmin-rimsky-bio-cely-40g
slunecni-pozdrav-caj-bio-porcovany-dvoukomorovy,15821913882958,slunecni-pozdrav-bio-45-g-porc-dvoukomorovy
koreni-na-peceni-teticky-anicky-bio-krabicka,15821914243406,koreni-na-peceni-teticky-anicky-bio-60g
tonkove-boby-mlete-bio-krabicka,15821932298574,tonkove-boby-bio-mlete-35-g
povzbudivy-english-breakfast-bio-porcovany-dvoukomorovy,15821931675982,povzbudivy-english-breakfast-cerny-caj-bio-324-g-porc-dvoukomorovy
svezi-lady-green-bio-porcovany-dvoukomorovy,15821930987854,svezi-lady-green-bio-ochuceny-zeleny-caj-216-g-porc-dvoukomorovy
earl-grey-cerny-caj-bio-porcovany-dvoukomorovy,15821906739534,vybrany-earl-grey-bio-aromatizovany-cerny-caj-27-g-porc-dvoukomorovy
yerba-mate-caj-sypany-bio,15821910606158,mate-bio-syp-90g
rooibos-vanilka-bio-porcovany-dvoukomorovy,15821923287374,rooibos-vanilka-bio-216-g-porc-dvoukomorovy
vanilkovy-extakt-bio-baleni,15821934133582,vanilka-extrakt-bio-etericky-olej-5-ml
darkova-kazeta-cajova-biorarasci-bio,15821926039886,darkova-kazeta-cajova-biorarasci
mojito-sirup-bio-baleni,15821934002510,mojito-sirup-bio-500-ml
ovocny-sen-caj-sypany-bio,15821908640078,ovocny-sen-bio-syp-100g
safran-nitky-bio-krabicka,15821910868302,safran-nitky-bio-05g
slunecni-pozdrav-pro-babicku-bio-porcovany-dvoukomorovy,15821933609294,slunecni-pozdrav-pro-babicku-bio-45-g-porc-dvoukomorovy
dobra-nalada-pro-dedecka-bio-porcovany-dvoukomorovy,15821933576526,dobra-nalada-pro-dedecka-bio-27-g-porc-dvoukomorovy
kojici-caj-bio-porcovany-dvoukomorovy,15821922861390,kojici-caj-biorarasci-bio-27g-porc-dvoukomorovy
samolepka-bio-rarasci-r,15821929283918,samolepka-bio-rarasci
pomeranc-etericky-olej-bio-baleni,15821934068046,pomeranc-bio-etericky-olej-5-ml
citron-bio-baleni,15821934166350,citron-bio-etericky-olej-5-ml
rooibos-natur-bio-porcovany-dvoukomorovy,15821923221838,rooibos-natur-bio-216-g-porc-dvoukomorovy
zvoni-na-caj-bio-porcovany-dvoukomorovy,15821935509838,zvoni-na-caj-bio-45-g-porc-dvoukomorovy
nadechnuti-v-lese-bio-baleni,15821935771982,nadechnuti-v-lese-bio-syp-50-g
ve-viru-bylinek-bio-baleni,15821935345998,ve-viru-bylinek-bio-syp-50-g
kouzelny-napoj-bio-porcovany-dvoukomorovy,15821922206030,kouzelny-napoj-bio-27g-porc-dvoukomorovy
uvolneni-bylinna-smes-bio-porcovany-dvoukomorovy,15821913293134,uvolneni-bio-27g-porc-dvoukomorovy
piskavice-recke-seno-mleta-bio-krabicka,15821913588046,piskavice-recke-seno-bio-35g
kurkuma-latte-vanilka-bio-gastro-doza-mala,15821917356366,kurkuma-latte-vanilka-bio-230-g-gastro-baleni
pepr-zeleny-bio-krabicka,15821929644366,pepr-zeleny-bio-20-g-cely
kurkuma-latte-zazvor-bio-gastro-doza-mala,15821917159758,kurkuma-latte-zazvor-bio-230-g-gastro-baleni
kava-videnske-pokuseni-r-espresso-prazena-zrnkova-bio-baleni,15821927514446,kava-videnske-pokuseni-espresso-bio-prazena-zrnkova-1000-g
kava-videnske-pokuseni-r-melange-prazena-zrnkova-bio-baleni,15821927350606,kava-videnske-pokuseni-melange-bio-prazena-zrnkova-1000-g
selske-koreni-na-brambory-bio-baleni,15821926465870,selske-koreni-na-brambory-bio-25g
koreni-na-ryby-rybare-svena-mlete-bio-krabicka,15821909623118,koreni-na-ryby-rybare-svena-bio-35g
citronova-trava-sypana-bio2,15821906837838,citronova-trava-bio-syp-80g
koreni-na-kure-pani-domaci-bio-krabicka,15821914407246,koreni-na-kure-pani-domaci-bio-35g
zeleny-caj-sencha-sypany-bio2,15821920436558,povznasejici-sencha-bio-zeleny-caj-70-g-syp
gunpowder-zeleny-caj-sypany-bio,15821910475086,charismaticky-gunpowder-bio-zeleny-caj-100-g-syp
pai-mu-tan-bily-caj-bio-porcovany-dvoukomorovy,15821910704462,noblesni-pai-mu-tan-bio-bily-caj-18-g-porc-dvoukomorovy
povznasejici-sencha-bio-porcovany-dvoukomorovy,15821930398030,povznasejici-sencha-bio-zeleny-caj-216-g-porc-dvoukomorovy
zeleny-caj-jemny-cinsky-bio-porcovany-dvoukomorovy,15821910966606,pravy-cinsky-zeleny-caj-bio-27-g-porc-dvoukomorovy
zeleny-caj-jasmin-sypany-bio,15821908738382,puvabna-jasmin-bio-ovoneny-zeleny-caj-100-g-syp
pai-mu-tan-bily-caj-sypany-bio,15821910737230,noblesni-pai-mu-tan-bio-bily-caj-40-g-syp
darjeeling-cerny-caj-sypany-bio,15821909164366,neodolatelny-darjeeling-bio-cerny-caj-100g-syp
rozkosna-mary-grey-bio-porcovany-dvoukomorovy,15821930856782,rozkosna-mary-grey-bio-27-g-porc-dvoukomorovy
rozkosna-mary-grey-bio-baleni,15821930791246,rozkosna-mary-grey-bio-90-g-syp
earl-grey-cerny-caj-sypany-bio,15821906805070,vybrany-earl-grey-bio-aromatizovany-cerny-caj-90g-syp
harissa-bio-krabicka,15821930070350,harissa-bio-70-g
koreni-peti-vuni-bio-krabicka,15821930135886,koreni-peti-vuni-bio-55-g
recke-koreni-bio-krabicka,15821930266958,recke-koreni-bio-35-g
darkove-baleni-2-caju-zvoni-bio,15821936263502,darkove-baleni-2-caju-zvoni
osvezeni-bio-porcovany-dvoukomorovy,15821922271566,osvezeni-bio-216g-porc-dvoukomorovy
osvezeni-sypany-bio2,15821910016334,osvezeni-bio-syp-50g
uvolneni-bylinna-smes-sypana-bio,15821913358670,uvolneni-bio-syp-40g
dobre-rano-sypany-bio,15821908279630,dobre-rano-bio-syp-50g
saturejka-bio-krabicka,15821907394894,saturejka-bio-20g
ovocny-caj-dobre-nalady-bio-porcovany-dvoukomorovy,15821910081870,ovocny-caj-dobre-nalady-bio-45-g-porc-dvoukomorovy
paprika-uzena-sladka-bio-krabicka,15821932953934,paprika-uzena-bio-sladka-50-g
skorice-cejlon-mleta-bio-gastro-doza-velka,15821907657038,skorice-cejlon-bio-mleta-450-g-gastro-baleni
matove-trio-bio-baleni,15821932593486,matove-trio-bio-syp-50-g
korenena-sul-na-hranolky-bio-krabicka,15821934395726,korenena-sul-na-hranolky-bio-130-g
bolonske-koreni-bio-krabicka,15821933248846,bolonske-koreni-bio-40-g
jitrocel-bio-porcovany-dvoukomorovy,15821935083854,jitrocel-bio-216-g-porc-dvoukomorovy
citronova-trava-medunka-verbena-bio-porcovany-dvoukomorovy,15821935968590,citronova-trava-medunka-verbena-bio-216-g-porc-dvoukomorovy
fenykl-anyz-kmin-sypany-bio-baleni,15821935608142,fenykl-anyz-kmin-bio-syp-150-g
chlebove-koreni-hrube-mlete-bio-baleni,15821927842126,chlebove-koreni-bio-hrube-mlete-45g
uzena-sul-krabicka,15821933052238,uzena-sul-hruba-150-g
koriandr-mlety-bio-krabicka,15821910507854,koriandr-bio-mlety-40g
dobry-vecer-sypany-bio2,15821908345166,dobry-vecer-bio-syp-50g
mikulassky-caj-bio-porcovany-dvoukomorovy,15821933904206,mikulassky-caj-bio-504-g-porc-dvoukomorovy
asian-bbq-bio-krabicka,15821936492878,asian-bbq-bio-80-g
easy-goreng-bio-krabicka,15821936394574,easy-goreng-bio-70-g
asian-sprinkle-bio-krabicka,15821936361806,asian-sprinkle-bio-50-g
koreni-na-ryzi-mistra-wonga-bio-krabicka,15821914440014,koreni-na-ryzi-mistra-wonga-bio-40g
garam-masala-bio-baleni,15821929808206,garam-masala-bio-55-g
hriby-rezane-bio-krabicka,15821913555278,hriby-bio-rezane-25g
verbena-caj-bio-porcovany-dvoukomorovy,15821913391438,verbena-citronova-bio-27g-porc-dvoukomorovy
narozeninovy-caj-bio-porcovany-dvoukomorovy,15821910278478,narozeninovy-caj-bio-27g-porc-dvoukomorovy
narozeninovy-caj-sypany-bio,15821910245710,narozeninovy-caj-bio-syp-50g
vanocni-cukrovani-bio-dozicka,15821934920014,vanocni-cukrovani-bio-70-g-dozicka
zeleninova-polevka-sv-hildegardy-bio-sklenice,15821924008270,zeleninova-polevka-sv-hildegardy-bio-ve-sklenicce
vanilka-lusk-bio-baleni2,15821921812814,vanilka-lusk-bio-1-ks
kmin-krizovy-matersky-cumin-mlety-bio-krabicka,15821911064910,kmin-rimsky-bio-mlety-40g
zeleninova-polevka-sv-hildegardy-bujon-bio,15821929120078,zeleninova-polevka-sv-hildegardy-bio-cz
ledovy-dzbanek-mata-cokoladova-verbena-bio-pyramidalni-sacky,15821916143950,ledovy-dzbanek-cokoladova-mata-verbena-bio-32g-pyramida
ayurvedska-kouzelna-sul-do-mlynku-krabicka,15821908836686,ayurvedska-kouzelna-sul-do-mlynku-konv-150g
levandule-etericky-olej-bio,15821911228750,levandule-bio-etericky-olej-10ml
chilli-con-carne-dona-rodriqueze-bio-krabicka,15821916864846,chili-con-carne-dona-rodrigueze-bio-40g
santina-tandoori-masala-bio-krabicka,15821914374478,santina-tandoori-masala-bio-32g
pepr-cerny-mlety-bio-krabicka,15821921681742,pepr-cerny-bio-mlety-50g
silny-manuka-med-bio,15821915291982,manuka-med-bio-250g
zazvor-mlety-bio-krabicka,15821926793550,zazvor-bio-mlety-30-g
pepr-cerny-cely-v-mlynku-bio,15821921616206,pepr-cerny-bio-cely-55g
raraskovo-lieblingskakao-kakaovy-napoj-bio-doza,15821924893006,raraskovo-lieblingskakao-biorarasci-bio-300g
tymian-bio-krabicka,15821921747278,tymian-bio-20g
smokey-paprika-uzena-bio-krabicka,15821926302030,smokey-paprika-bio-uzena-50g
vsechno-nejmilejsi-kouzelna-sul-s-kvety-bio-krabicka,15821911163214,stredomorska-kouzelna-sul-s-kvety-bio-120g
kouzlo-krbu-bio,15821934887246,kouzlo-krbu-etericky-olej-bio-10-ml
sul-na-vejce-od-zajice-bio-dozicka,15821917749582,sul-na-vejce-od-zajice-bio-90g-dozicka
pepr-cerny-cely-bio-krabicka,15821921616206,pepr-cerny-bio-cely-55g
ledovy-dzbanek-pomeranc-bazalka-bio-pyramidalni-sacky,15821920502094,ledovy-dzbanek-pomeranc-bazalka-bio-40g-pyramida
pikantni-polevka-bujon-bio-baleni,15821923877198,pikantni-polevka-bio-60g
citron-etericky-olej-bio2,15821934166350,citron-bio-etericky-olej-5-ml
aladinovo-koreni-do-kavy-bio-dozicka,15821914276174,aladinovo-koreni-do-kavy-bio-35g-dozicka
ovoce-zele-s-ovocnou-prichuti-bio-baleni,15821924073806,ovoce-zele-s-ovocnou-prichuti-bio-100g
medova-srdicka-keksy-bezlepkove-bio-krabicka,15821917684046,medova-srdicka-bezlepkova-bio-100g
jogurtove-ovoce-zele-s-jogurtem-a-ovocnou-prichuti-bio-baleni,15821924598094,jogurtove-ovoce-zele-s-jogurtem-a-ovocnou-prichuti-bio-100g
povzbudivy-english-breakfast-bio-baleni,15821931151694,povzbudivy-english-breakfast-cerny-caj-bio-70-g-syp
kurkuma-latte-zazvor-bio-doza,15821917126990,kurkuma-latte-zazvor-bio-60g-doza
manuka-pastilky-bio,15821920174414,manuka-pastilky-bio-224g
batuzek-sonnentor-bio,15821919224142,batuzek-sonnentor
smaltovany-hrnicek-se-slunickem,15821916504398,smaltovany-hrnicek-se-slunickem-04l
spaldove-krekry-bio,15821922664782,spaldove-bio-krekry-100g
andel-strazny-keksy-bio-krabicka,15821914177870,keksy-andel-strazny-bio-125-g
ovocni-medvidci-zele-s-ovocnou-prichuti-bio-baleni,15821924204878,ovocni-medvidci-zele-s-ovocnou-prichuti-bio-100g
vonny-kaminek,15821915717966,vonny-kaminek
jablecny-strudl-caj-bio-porcovany-dvoukomorovy,15821917061454,jablecny-strudl-bio-45g-porc-dvoukomorovy
sonnentor-adventni-kalendar-r-koreni-bio,15821935280462,sonnentor-adventni-kalendar-koreni-bio-118-g
darkova-kazeta-cajova-puvabny-cas-vanoc-darkova-kazeta-cajova-puvabny-cas-vanoc-bio,15821932495182,darkova-kazeta-cajova-puvabny-cas-vanoc
darkova-kazeta-cajova-kouzlo-zimnich-veceru-darkova-kazeta-cajova-kouzlo-zimnich-veceru-bio,15821932396878,darkova-kazeta-cajova-kouzlo-zimnich-veceru
darkova-kazeta-cajova-pro-radost-bio,15821932691790,darkova-kazeta-cajova-pro-radost
london-bus-bio,15821931217230,london-bus-bio-cerne-caje
darkovy-box-z-lasky,15821933838670,darkovy-box-z-lasky
grilovaci-sada3,15821935247694,grilovaci-sada-bio
ledovy-dzbanek-jahoda-zazvor-bio-pyramidalni-sacky,15821916045646,ledovy-dzbanek-jahoda-zazvor-bio-448g-pyramida
grilovaci-sada,15821935247694,grilovaci-sada-bio
cernucha-cela-bio-baleni,15821926564174,cernucha-bio-cela-50g
pepr-zeleny-cely-bio-krabicka,15821929644366,pepr-zeleny-bio-20-g-cely
vanilka-extrakt-etericky-olej-bio2,15821934133582,vanilka-extrakt-bio-etericky-olej-5-ml
garam-masala-bio-krabicka,15821929808206,garam-masala-bio-55-g
sonnentor-taska-z-biobavlny-bylinky-bio,15821929546062,sonnentor-taska-z-biobavlny-bylinky
sonnentor-taska-z-biobavlny-dobra-nalada-bio,15821929447758,sonnentor-taska-z-biobavlny-dobra-nalada
kytice-chuti-poznavaci-sada-smesi-kvetu-a-koreni-bio,15821925548366,kytice-chuti-poznavaci-sada-bio-smesi-kvetu-a-koreni-50g
darkova-baleni-2-caju-velikonoce-bio,15821922402638,darkove-baleni-2-caju-velikonoce
koreni-na-vejce-bio-dozicka,15821922763086,koreni-na-vejce-bio-70g
andel-strazny-bio,15821934788942,andel-strazny-etericky-olej-bio-10-ml
keramicke-vonne-slunicko-se-snurkou,15821910933838,keramicke-vonne-slunicko-se-snurkou
harmonie-bio,15821934690638,harmonie-etericky-olej-bio-10-ml
dobra-nalada-etericky-olej-bio2,15821934854478,dobra-nalada-etericky-olej-bio-10-ml
raraskuv-smaltovany-hrnicek,15821925941582,raraskuv-smaltovany-hrnicek-300-ml
pomerancovy-caj-sypany-bio2,15821910114638,pomerancovy-caj-bio-syp-100g
zimni-noc-sypana-bio-baleni,15821928333646,zimni-noc-bio-100-g-syp
lucni-kviti-bio-porcovany-dvoukomorovy,15821919519054,lucni-kviti-bio-27g-porc-dvoukomorovy
velikonocni-nadilka-bio-porcovany-dvoukomorovy,15821936296270,velikonocni-nadilka-bio-324-g-porc-dvoukomorovy
videnske-pokuseni-r-melange-prazena-kava-mleta-bio-baleni,15821927416142,kava-videnske-pokuseni-melange-bio-prazena-mleta-500-g
italske-koreni-rezane-bio-krabicka,15821926400334,italske-koreni-bio-20g
darkovy-box-kouzelny-vanocni-cas,15821936034126,darkovy-box-kouzelny-vanocni-cas
vanilka-lusk-bio-baleni,15821921812814,vanilka-lusk-bio-1-ks
kardamom-mlety-bio-krabicka,15821921386830,kardamom-bio-mlety-50g
novorocni-caj-bio-porcovany-dvoukomorovy,15821932757326,novorocni-caj-bio-27-g-porc-dvoukomorovy
bylinna-poznavaci-sada-bio-poznavaci-sada,15821923516750,bylinna-poznavaci-sada-bio-285g-porc-dvoukomorovy
ovocna-poznavaci-sada-bio-poznavaci-sada,15821935018318,ovocna-poznavaci-sada-bio-484-g-porc-dvoukomorovy
ochutnej-poznavaci-sada-bio-poznavaci-sada,15821923418446,ochutnej-poznavaci-sada-bio-344g-porc-dvoukomorovy
s-korenim-kolem-sveta-poznavaci-sada-bio-krabicka,15821914571086,s-korenim-kolem-sveta-poznavaci-sada-bio-50g
jogurtove-ovoce-zele-s-jogurtem-a-ovocnou-prichuti-bio-velke-baleni,15821924434254,jogurtove-ovoce-zele-s-jogurtem-a-ovocnou-prichuti-bio-1kg
ovoce-zele-s-ovocnou-prichuti-bio-velke-baleni,15821924073806,ovoce-zele-s-ovocnou-prichuti-bio-100g
ovocni-medvidci-zele-s-ovocnou-prichuti-bio-velke-baleni,15821924270414,ovocni-medvidci-zele-s-ovocnou-prichuti-bio-1kg
dobrodruzstvi-biorarasku-brozura,15821929349454,dobrodruzstvi-biorarasku-brozura
sonnentor-adventni-kalendar-r-koreni-bio-baleni,15821928825166,adventni-kalendar-koreni-bio-118-g
videnske-pokuseni-r-melange-prazena-kava-zrnkova-bio-baleni,15821927219534,kava-videnske-pokuseni-melange-bio-prazena-zrnkova-500-g
svezi-lady-green-bio-baleni,15821931086158,svezi-lady-green-bio-ochuceny-zeleny-caj-90-g-syp
pomerancovy-caj-bio-porcovany-dvoukomorovy,15821932036430,pomerancovy-caj-bio-324-g-porc-dvoukomorovy
koreni-do-svareneho-cerveneho-vina-bio-porcovany-dvoukomorovy,15821928595790,koreni-do-svareneho-cerveneho-vina-bio-324-g-porc-dvoukomorovy
skorice-cejlon-mleta-bio-dozicka,15821907624270,skorice-cejlon-bio-mleta-40g
koreni-na-pizzu-a-testoviny-bio-krabicka,15821925712206,koreni-na-pizzu-a-testoviny-bio-20g
dobra-nalada-smes-kvetu-a-koreni-bio-dozicka,15821909721422,dobra-nalada-smes-kvetu-a-koreni-bio-25g-dozicka
vse-v-zelenem-salatove-koreni-bio-krabicka,15821922074958,vse-v-zelenem-salatove-koreni-bio-15g
selske-koreni-na-brambory-bio-dozicka,15821926465870,selske-koreni-na-brambory-bio-25g
prirozene-horke-spej-bio,15821935575374,prirozene-horke-sprej-bio-50-ml
pekne-odpoledne-bylinny-caj-sypany-bio,15821913260366,pekne-odpoledne-bio-syp-50g
kurkuma-mleta-bio-gastro-doza-velka,15821932822862,kurkuma-bio-mleta-500g-gastro-baleni
vse-v-zelenem-salatove-koreni-bio-dozicka,15821922074958,vse-v-zelenem-salatove-koreni-bio-15g
curry-ostre-bio-krabicka,15821921911118,curry-ostre-bio-50g
darkova-kazeta-cajova-kouzelne-vanoce-bio,15821932495182,darkova-kazeta-cajova-puvabny-cas-vanoc
ayurvedska-kouzelna-sul-jemna-v-mlynku,15821908836686,ayurvedska-kouzelna-sul-do-mlynku-konv-150g
vesele-velikonoce-bio-porcovany-dvoukomorovy,15821918044494,vesele-velikonoce-bio-27g-porc-dvoukomorovy
vesele-velikonoce-sypany-bio,15821917978958,vesele-velikonoce-bio-syp-60g
jarni-polibeni-bylinna-smes-bio-porcovany-dvoukomorovy,15821911753038,jarni-polibeni-bio-27g-porc-dvoukomorovy
zakratko-maminkou-caj-bio-porcovany-jednokomorovy,15821922992462,zakratko-maminkou-biorarasci-bio-216g-porc-dvoukomorovy
adventni-bio,15821934494030,adventni-etericky-olej-bio-10-ml
chytra-hlavicka-bio-baleni,15821934592334,chytra-hlavicka-etericky-olej-bio-10-ml
dobra-nalada-etericky-olej-bio,15821907034446,dobra-nalada-bio-27g-porc-dvoukomorovy
tady-roste-radost-sypany-bio,15821917913422,tady-roste-radost-bio-syp-50g
darkova-kazeta-cajova-radost-vanoc-bio,15821932396878,darkova-kazeta-cajova-kouzlo-zimnich-veceru
kouzlo-krbu-caj-bio-porcovany-dvoukomorovy,15821928628558,kouzlo-krbu-bio-100-g-syp
jablicko-z-pece-caj-bio-porcovany-dvoukomorovy,15821926629710,jablicko-z-pece-bio-45-g-porc-dvoukomorovy
zimni-noc-caj-bio-porcovany-dvoukomorovy,15821928333646,zimni-noc-bio-100-g-syp
zeleninova-polevka-sv-hildegardy-bujon-bio-baleni,15821924008270,zeleninova-polevka-sv-hildegardy-bio-ve-sklenicce
nadechnuti-v-lese-bio-pyramidalni-sacky,15821925810510,nadechnuti-v-lese-bio-216-g-porc-dvoukomorovy
pohlednice-radostne-vanoce,15821929742670,pohlednice-radostne-vanoce
chai,15821914669390,chai-polibek-orientu-bio-70g
cerne-caje,15821906739534,vybrany-earl-grey-bio-aromatizovany-cerny-caj-27-g-porc-dvoukomorovy
zelene-caje,15821908738382,puvabna-jasmin-bio-ovoneny-zeleny-caj-100-g-syp
bile-caje,15821910704462,noblesni-pai-mu-tan-bio-bily-caj-18-g-porc-dvoukomorovy
advent-a-vanoce,15821935870286,chai-vanocni-bio-324-g-porc-dvoukomorovy
rimsky-kmin-mlety-bio-krabicka,15821911064910,kmin-rimsky-bio-mlety-40g
bobkovy-list-bio-gastro-doza-velka,15821907722574,bobkovy-list-bio-50-g-gastro-baleni
